Dataset,Num_Leaves,Min_Depth,Max_Depth,Mean_Depth,Min_Area,Max_Area,Mean_Area,Mean_Intensity,Std_Intensity,Mean_Gradient,Shannon_Entropy,Complexity,Compression_Ratio,Hamming_Savings
Lena,52,2,3,2.923076923076923,4,16,4.923076923076923,0.5,0.16971175857308923,0.6248626784571072,3.7104865211997957,0.15591099673737613,4.923076923076923,5
MRI,73,2,4,3.493150684931507,1,16,3.506849315068493,0.3611301369863013,0.43392774300170833,0.5336015998472503,1.1015033823768952,0.5020833333333329,3.506849315068493,32
Noise,244,3,4,3.9836065573770494,1,4,1.0491803278688525,0.48899380000012455,0.29456872076461194,0.39388542069998755,7.196921972504131,0.7570270127072737,1.0491803278688525,27
